{
  "savedAt": "2026-07-21T06:19:28.693Z",
  "planningMonth": "2026-08",
  "asOf": {
    "year": 2026,
    "month": 7,
    "day": 20
  },
  "settings": {
    "bqlField": "BQL_New",
    "msField": "First_MS",
    "mdField": "First_MD",
    "trailingMonths": 3,
    "minDaysForCurrentMonth": 5,
    "orderHotoMode": "policy",
    "orderHotoPolicyRate": 0.95,
    "campaignMonths": [
      "2025-12",
      "2026-03",
      "2026-04",
      "2026-06"
    ]
  },
  "overrides": {
    "panIndia": {
      "BQL": 5650,
      "r1": 0.65
    },
    "city": {},
    "subChannel": {},
    "cell": {}
  },
  "initiatives": [],
  "result": {
    "panIndia": {
      "BQL": 5650,
      "MS": 3672.5,
      "MD": 3269.3520718938935,
      "Order": 1733.7622421042342,
      "HOTO": 1647.0741299990225,
      "r1": 0.65,
      "r2": 0.8902252067784597,
      "r3": 0.5303075973398876,
      "r4": 0.95
    },
    "cities": {
      "Ahmedabad": {
        "BQL": 65.18508745371,
        "MS": 54.89977349841802,
        "MD": 54.020360459971144,
        "Order": 32.70614454012534,
        "HOTO": 31.070837313119068,
        "r1": 0.8422136970730322,
        "r2": 0.9839814814814816,
        "r3": 0.6054410644734673,
        "r4": 0.95
      },
      "Nagpur": {
        "BQL": 783.7176527050311,
        "MS": 707.7350573361139,
        "MD": 677.9754864324912,
        "Order": 417.6265834110628,
        "HOTO": 396.74525424050967,
        "r1": 0.9030485084690125,
        "r2": 0.9579509724788305,
        "r3": 0.6159906836877171,
        "r4": 0.95
      },
      "Amravati": {
        "BQL": 62.18898595288159,
        "MS": 54.23000477325795,
        "MD": 59.88842036577224,
        "Order": 17.717923491860226,
        "HOTO": 16.832027317267215,
        "r1": 0.8720194411008104,
        "r2": 1.1043410491327226,
        "r3": 0.2958489034048136,
        "r4": 0.95
      },
      "Aurangabad": {
        "BQL": 118.72589997529043,
        "MS": 109.83344898744265,
        "MD": 98.46896675746363,
        "Order": 31.68114277804241,
        "HOTO": 30.09708563914029,
        "r1": 0.9251010016373975,
        "r2": 0.8965298610327868,
        "r3": 0.3217373333070044,
        "r4": 0.95
      },
      "Nashik": {
        "BQL": 181.9276869195397,
        "MS": 162.55036938607537,
        "MD": 155.76138476993552,
        "Order": 116.24250809619089,
        "HOTO": 110.43038269138134,
        "r1": 0.8934889028626289,
        "r2": 0.958234578969087,
        "r3": 0.746285790074894,
        "r4": 0.95
      },
      "Pune": {
        "BQL": 810.4164720393305,
        "MS": 791.2047493205022,
        "MD": 724.2400971871144,
        "Order": 359.5600764210033,
        "HOTO": 341.5820725999531,
        "r1": 0.9762940125458162,
        "r2": 0.9153636878558957,
        "r3": 0.4964652990320522,
        "r4": 0.95
      },
      "Kolhapur": {
        "BQL": 73.58932239094983,
        "MS": 48.10993838026036,
        "MD": 48.05136903906485,
        "Order": 35.069414208200435,
        "HOTO": 33.315943497790414,
        "r1": 0.6537624864198643,
        "r2": 0.9987825937183171,
        "r3": 0.7298317386064415,
        "r4": 0.95
      },
      "Jalgaon": {
        "BQL": 35.659548661486674,
        "MS": 27.31068103417506,
        "MD": 25.5420145137125,
        "Order": 21.347161761319363,
        "HOTO": 20.279803673253394,
        "r1": 0.7658728744279193,
        "r2": 0.9352390180878554,
        "r3": 0.8357665660967704,
        "r4": 0.95
      },
      "Solapur": {
        "BQL": 19.232746716751745,
        "MS": 30.88016201953896,
        "MD": 27.239938283636302,
        "Order": 6.927479128723241,
        "HOTO": 6.581105172287079,
        "r1": 1.6056033219967643,
        "r2": 0.882117725496409,
        "r3": 0.2543133195307108,
        "r4": 0.95
      },
      "Bhopal": {
        "BQL": 385.3916410165185,
        "MS": 202.11812537936356,
        "MD": 181.34068429903496,
        "Order": 66.30054939960948,
        "HOTO": 62.985521929629,
        "r1": 0.5244486487725883,
        "r2": 0.8972014952081582,
        "r3": 0.36561320839772693,
        "r4": 0.95
      },
      "Gwalior": {
        "BQL": 228.63324467375745,
        "MS": 163.94828573571735,
        "MD": 148.37401861583226,
        "Order": 70.77622718824203,
        "HOTO": 67.23741582882992,
        "r1": 0.7170798191210526,
        "r2": 0.905005001729688,
        "r3": 0.47701226837762456,
        "r4": 0.95
      },
      "Indore": {
        "BQL": 272.5741829243885,
        "MS": 225.69367233639608,
        "MD": 189.14035873772113,
        "Order": 61.19649757077948,
        "HOTO": 58.1366726922405,
        "r1": 0.8280082505062596,
        "r2": 0.8380401487544042,
        "r3": 0.3235507111184028,
        "r4": 0.95
      },
      "Jabalpur": {
        "BQL": 483.32602956672963,
        "MS": 227.4913830597791,
        "MD": 192.43978847293994,
        "Order": 146.62354395917782,
        "HOTO": 139.29236676121891,
        "r1": 0.4706789395632392,
        "r2": 0.8459212207715644,
        "r3": 0.7619190663358861,
        "r4": 0.95
      },
      "Jaipur": {
        "BQL": 279.3838781184186,
        "MS": 174.16023293771443,
        "MD": 145.42601621398512,
        "Order": 68.26659151998442,
        "HOTO": 64.85326194398519,
        "r1": 0.6233725228192857,
        "r2": 0.8350127567066035,
        "r3": 0.4694248890070294,
        "r4": 0.95
      },
      "Delhi": {
        "BQL": 157.5558641413041,
        "MS": 134.18908737177952,
        "MD": 110.06612005561327,
        "Order": 65.19970557992855,
        "HOTO": 61.939720300932116,
        "r1": 0.851692116336793,
        "r2": 0.8202315271037501,
        "r3": 0.5923685285443423,
        "r4": 0.95
      },
      "Faridabad": {
        "BQL": 22.390515328320085,
        "MS": 22.236906163657668,
        "MD": 18.29813872522744,
        "Order": 5.070199397918776,
        "HOTO": 4.816689428022837,
        "r1": 0.9931395431319918,
        "r2": 0.8228725071085897,
        "r3": 0.277088258759813,
        "r4": 0.95
      },
      "Gurgaon": {
        "BQL": 63.08467601592021,
        "MS": 59.596423677047426,
        "MD": 47.38578867005638,
        "Order": 27.698156671946855,
        "HOTO": 26.313248838349512,
        "r1": 0.9447052349449734,
        "r2": 0.7951112792747366,
        "r3": 0.584524547323819,
        "r4": 0.95
      },
      "Ghaziabad": {
        "BQL": 76.6312299854803,
        "MS": 70.98538653482319,
        "MD": 65.31847353171683,
        "Order": 33.81211790518967,
        "HOTO": 32.121512009930186,
        "r1": 0.926324509580143,
        "r2": 0.9201678925798854,
        "r3": 0.5176501543437241,
        "r4": 0.95
      },
      "Noida": {
        "BQL": 43.028201954947626,
        "MS": 32.81601386848739,
        "MD": 26.73946349177904,
        "Order": 20.473572489362187,
        "HOTO": 19.449893864894076,
        "r1": 0.7626629135664829,
        "r2": 0.8148297230413001,
        "r3": 0.7656687837307102,
        "r4": 0.95
      },
      "Agra": {
        "BQL": 54.35924445125941,
        "MS": 44.35260677650409,
        "MD": 37.72964761003875,
        "Order": 13.608955727336186,
        "HOTO": 12.928507940969377,
        "r1": 0.8159165423329668,
        "r2": 0.8506748611228445,
        "r3": 0.3606966030532245,
        "r4": 0.95
      },
      "Kanpur": {
        "BQL": 241.20684629895345,
        "MS": 194.59436318756931,
        "MD": 179.36594038884283,
        "Order": 114.5574205035617,
        "HOTO": 108.82954947838361,
        "r1": 0.8067530676404918,
        "r2": 0.9217427342227389,
        "r3": 0.6386798979517271,
        "r4": 0.95
      },
      "Lucknow": {
        "BQL": 547.3927261309769,
        "MS": 334.89154544098835,
        "MD": 266.60888393875143,
        "Order": 132.64782364010418,
        "HOTO": 126.01543245809896,
        "r1": 0.6117939268357349,
        "r2": 0.7961051497662575,
        "r3": 0.4975371476014941,
        "r4": 0.95
      },